<?xml version="1.0" encoding="utf-8"?><feed xmlns="http://www.w3.org/2005/Atom" ><generator uri="https://jekyllrb.com/" version="3.8.5">Jekyll</generator><link href="http://localhost:4000/feed.xml" rel="self" type="application/atom+xml" /><link href="http://localhost:4000/" rel="alternate" type="text/html" /><updated>2019-01-18T18:51:41+01:00</updated><id>http://localhost:4000/feed.xml</id><title type="html">Portfolio</title><subtitle>Link collection of some recent projects. </subtitle><entry><title type="html">topcoder</title><link href="http://localhost:4000/coding/competition/topcoder/2019/01/15/coding.html" rel="alternate" type="text/html" title="topcoder" /><published>2019-01-15T10:10:00+01:00</published><updated>2019-01-15T10:10:00+01:00</updated><id>http://localhost:4000/coding/competition/topcoder/2019/01/15/coding</id><content type="html" xml:base="http://localhost:4000/coding/competition/topcoder/2019/01/15/coding.html">&lt;p&gt;I started recently to practice my coding skills on &lt;a href=&quot;https://www.topcoder.com/&quot;&gt;topcoder&lt;/a&gt;, handle &lt;a href=&quot;https://www.topcoder.com/members/the12&quot;&gt;the12&lt;/a&gt;.
The site features various contests, e.g. short SRMs (single round matches) or longer MMs (marathon matches) like &lt;a href=&quot;https://community.topcoder.com/longcontest/?module=ViewStandings&amp;amp;rd=17394&quot;&gt;StainedGlass&lt;/a&gt; for competitive programming.
Other challenges are available in the categories design, development and data science. Those challenges are partially cash-rewarded, like &lt;a href=&quot;https://www.iarpa.gov/challenges/mercury.html&quot;&gt;IARPAs mercury challenge&lt;/a&gt;, but mostly offer a great platform to further develop coding skills.&lt;/p&gt;</content><author><name></name></author><summary type="html">I started recently to practice my coding skills on topcoder, handle the12. The site features various contests, e.g. short SRMs (single round matches) or longer MMs (marathon matches) like StainedGlass for competitive programming. Other challenges are available in the categories design, development and data science. Those challenges are partially cash-rewarded, like IARPAs mercury challenge, but mostly offer a great platform to further develop coding skills.</summary></entry><entry><title type="html">Melanoma Classification with CNNs</title><link href="http://localhost:4000/deep/learning/2018/01/03/Melanome-Classification.html" rel="alternate" type="text/html" title="Melanoma Classification with CNNs" /><published>2018-01-03T17:16:13+01:00</published><updated>2018-01-03T17:16:13+01:00</updated><id>http://localhost:4000/deep/learning/2018/01/03/Melanome-Classification</id><content type="html" xml:base="http://localhost:4000/deep/learning/2018/01/03/Melanome-Classification.html">&lt;p&gt;Here you can find the &lt;a href=&quot;https://gist.github.com/linoba/4712042566421d7e6dd9ea252296531e#file-melanoma_classification_paper-1-pdf&quot;&gt;final paper&lt;/a&gt; on &lt;em&gt;Melanoma Classification with CNNs&lt;/em&gt;. The code-base you can find in the repository &lt;a href=&quot;https://github.com/linoba/melanoma-classification&quot;&gt;melanoma-classification&lt;/a&gt;.&lt;/p&gt;</content><author><name></name></author><summary type="html">Here you can find the final paper on Melanoma Classification with CNNs. The code-base you can find in the repository melanoma-classification.</summary></entry><entry><title type="html">Information Visualization with d3</title><link href="http://localhost:4000/information/visualization/with/d3/2017/05/01/d3-Visualizations.html" rel="alternate" type="text/html" title="Information Visualization with d3" /><published>2017-05-01T11:00:00+02:00</published><updated>2017-05-01T11:00:00+02:00</updated><id>http://localhost:4000/information/visualization/with/d3/2017/05/01/d3-Visualizations</id><content type="html" xml:base="http://localhost:4000/information/visualization/with/d3/2017/05/01/d3-Visualizations.html">&lt;p&gt;Some of my d3 visualizations projects you can find and view in the &lt;a href=&quot;https://bl.ocks.org/linoba&quot;&gt;bl.ocks&lt;/a&gt; environment. 
Possibly most interesting are:&lt;/p&gt;
&lt;ul&gt;
  &lt;li&gt;the &lt;a href=&quot;http://bl.ocks.org/linoba/8c2b49c9df48629cc056e300ba1ca405&quot;&gt;main page&lt;/a&gt; or immediate &lt;a href=&quot;http://bl.ocks.org/linoba/raw/8c2b49c9df48629cc056e300ba1ca405/&quot;&gt;visualization&lt;/a&gt; of an automobile data set&lt;/li&gt;
  &lt;li&gt;the &lt;a href=&quot;http://bl.ocks.org/linoba/1cad112c3aac989a78ccaab7688f483d&quot;&gt;main page&lt;/a&gt; or immediate &lt;a href=&quot;http://bl.ocks.org/linoba/raw/1cad112c3aac989a78ccaab7688f483d/&quot;&gt;visualization&lt;/a&gt; of IGRA stations in Europe with weather data.&lt;/li&gt;
&lt;/ul&gt;</content><author><name></name></author><summary type="html">Some of my d3 visualizations projects you can find and view in the bl.ocks environment. Possibly most interesting are: the main page or immediate visualization of an automobile data set the main page or immediate visualization of IGRA stations in Europe with weather data.</summary></entry></feed>